{
  "iterations": 4500,
  "learning_rate": 0.020666107168829783,
  "depth": 8,
  "l2_leaf_reg": 4.811648032438638,
  "min_data_in_leaf": 16,
  "subsample": 0.8263969714301607,
  "random_state": 101,
  "best_cv_rmse": 0.8509986523528841,
  "test_rmse": 0.8168870589740375,
  "test_mae": 0.5458454251200977,
  "test_r2": 0.8620427016990531
}