{
  "iterations": 2500,
  "learning_rate": 0.0315081654573264,
  "depth": 6,
  "l2_leaf_reg": 1.7604003499887833,
  "min_data_in_leaf": 6,
  "subsample": 0.6955483819361592,
  "random_state": 101,
  "best_cv_rmse": 0.6079383106587739,
  "test_rmse": 0.4611280351038601,
  "test_mae": 0.33866329650390664,
  "test_r2": 0.9515170340217786
}