{
  "iterations": 4000,
  "learning_rate": 0.036763248791399264,
  "depth": 8,
  "l2_leaf_reg": 5.940965077908679,
  "min_data_in_leaf": 43,
  "subsample": 0.758054929781127,
  "random_state": 101,
  "best_cv_rmse": 0.8376428997366008,
  "test_rmse": 0.9228261610429023,
  "test_mae": 0.6747882101207656,
  "test_r2": 0.4685595512656131
}