{
  "aqsoldb": {
    "GCN": {
      "rmse": [
        0.9823087006853024,
        1.007531339360695,
        1.0438477088615539,
        1.0132472739078102,
        1.004368681926762
      ],
      "r2": [
        0.7998369412854872,
        0.7894258409623371,
        0.7739720053192837,
        0.7870298016941837,
        0.790745757578214
      ],
      "time": [
        35.84899711608887,
        36.24621796607971,
        35.85820293426514,
        36.30348205566406,
        38.15456676483154
      ]
    },
    "GAT": {
      "rmse": [
        0.9850651922738978,
        1.0183690268930092,
        0.988599473802362,
        1.0054862998913463,
        1.0617063835299363
      ],
      "r2": [
        0.7987119956814995,
        0.7848713205191907,
        0.7972650159279631,
        0.7902798003598114,
        0.7661718441515937
      ],
      "time": [
        68.49224901199341,
        64.02698588371277,
        53.92609119415283,
        49.70359492301941,
        60.53467583656311
      ]
    },
    "GIN": {
      "rmse": [
        0.8926752592133312,
        0.8808991721163285,
        0.9201439810028978,
        0.92239255342998,
        0.9305033455199
      ],
      "r2": [
        0.8346992043431904,
        0.8390317023900165,
        0.8243696662879185,
        0.8235102354435191,
        0.8203927657772705
      ],
      "time": [
        35.01959300041199,
        35.935513973236084,
        36.723124980926514,
        24.401182174682617,
        34.04510998725891
      ]
    },
    "MPNN": {
      "rmse": [
        1.0764193579111947,
        1.0322712726698402,
        1.0285732521970303,
        1.0617675456393227,
        1.0250284073814127
      ],
      "r2": [
        0.759646225836015,
        0.7789575781943046,
        0.7805384712337033,
        0.7661449029267858,
        0.782048556191807
      ],
      "time": [
        115.80096626281738,
        132.99677276611328,
        124.49727368354797,
        76.59991502761841,
        77.13565683364868
      ]
    }
  },
  "esol": {
    "GCN": {
      "rmse": [
        0.9911478735074513,
        0.8892506252536304,
        0.7765014467195454,
        0.7743251903826861,
        0.8442635219266215
      ],
      "r2": [
        0.7760447095151239,
        0.8197261318207859,
        0.8625423364820697,
        0.8633117462928839,
        0.8375048251915901
      ],
      "time": [
        2.8205628395080566,
        3.50539493560791,
        4.932994842529297,
        4.6483540534973145,
        5.085896968841553
      ]
    },
    "GAT": {
      "rmse": [
        0.8262013601491044,
        0.7405416390558862,
        0.7453475192115111,
        0.8088598337130742,
        0.8173402196025831
      ],
      "r2": [
        0.8443832896395134,
        0.8749788800249455,
        0.873350919875588,
        0.8508473552020261,
        0.8477034169710382
      ],
      "time": [
        5.648027181625366,
        7.099470853805542,
        7.32872200012207,
        6.6395487785339355,
        5.188823938369751
      ]
    },
    "GIN": {
      "rmse": [
        0.6450840075482178,
        0.6060235706439949,
        0.6315187748717492,
        0.7292971214088411,
        0.643949403962962
      ],
      "r2": [
        0.9051326062022966,
        0.9162734008853279,
        0.9090805181078039,
        0.8787467416532188,
        0.905466027045172
      ],
      "time": [
        4.254269123077393,
        5.005845069885254,
        4.511790990829468,
        2.7906322479248047,
        4.734371662139893
      ]
    },
    "MPNN": {
      "rmse": [
        0.7762210734358274,
        0.696954159577001,
        0.7427968818081606,
        0.7942046998506012,
        0.8839084309442561
      ],
      "r2": [
        0.862641582913322,
        0.889262975985458,
        0.8742162428170364,
        0.8562031658542412,
        0.8218856247880431
      ],
      "time": [
        11.901824951171875,
        17.105436086654663,
        16.367205142974854,
        17.24550199508667,
        14.082685947418213
      ]
    }
  },
  "sc2": {
    "GCN": {
      "rmse": [
        1.2585473455340648,
        1.1793826590109708,
        1.2969753813693587,
        1.41522113707011,
        1.2138444902650491
      ],
      "r2": [
        0.011551787433163097,
        0.13199089622212978,
        -0.04973159663471938,
        -0.24986589349237165,
        0.08052292175178377
      ],
      "time": [
        47.79485273361206,
        47.68595099449158,
        44.42651700973511,
        39.20163297653198,
        44.10017776489258
      ]
    },
    "GAT": {
      "rmse": [
        1.4505701087145408,
        1.3153482086232366,
        1.1961700238936963,
        1.3537019945782436,
        1.4557817429017665
      ],
      "r2": [
        -0.3130832221485593,
        -0.07968304085440159,
        0.10710450060278165,
        -0.1435652295520513,
        -0.322535509565979
      ],
      "time": [
        60.15783905982971,
        72.5155520439148,
        44.288509368896484,
        66.91218495368958,
        58.21839499473572
      ]
    },
    "GIN": {
      "rmse": [
        0.9264532847264844,
        1.1049281340339192,
        0.9354371291342766,
        1.0817355602946321,
        1.114302393204937
      ],
      "r2": [
        0.46437374692565603,
        0.23812649962545795,
        0.45393541405530535,
        0.2697744613594034,
        0.225144123762977
      ],
      "time": [
        46.03156399726868,
        34.45723009109497,
        38.27287006378174,
        26.151184797286987,
        21.14660096168518
      ]
    },
    "MPNN": {
      "rmse": [
        1.3465576960437855,
        1.2487379560625111,
        1.5374183929000054,
        1.5556035615535688,
        1.1978883440611408
      ],
      "r2": [
        -0.13152652014187272,
        0.02690009654481107,
        -0.47502353316991486,
        -0.5101241816620288,
        0.10453733653030817
      ],
      "time": [
        125.23953771591187,
        118.87649011611938,
        153.51830124855042,
        87.7501871585846,
        147.2992980480194
      ]
    }
  }
}