{
  "aqsoldb": {
    "DecisionTree": {
      "rmse": [
        1.0876258761730482,
        1.1032379831277632,
        1.1161945453355189,
        1.093582330635427,
        1.1001746693166476
      ],
      "r2": [
        0.755443217694041,
        0.7483719454532363,
        0.7424269383209567,
        0.752757220234608,
        0.7497673751991519
      ]
    },
    "RandomForest": {
      "rmse": [
        0.8901383758829867,
        0.8905023737555556,
        0.8902533628465165,
        0.8900284173451959,
        0.8901429512742082
      ],
      "r2": [
        0.8361917772980876,
        0.8360577800738983,
        0.8361494534814018,
        0.8362322451638011,
        0.8361900933157974
      ]
    },
    "LightGBM": {
      "rmse": [
        0.8464035253386251,
        0.847852341645943,
        0.8441520804094703,
        0.8503484780577899,
        0.8395073243473661
      ],
      "r2": [
        0.8518930032064282,
        0.8513855301693372,
        0.8526798885154919,
        0.8505091793233115,
        0.8542966196407445
      ]
    },
    "XGBoost": {
      "rmse": [
        0.8317147123307381,
        0.827152736171389,
        0.834859334036344,
        0.828328468168969,
        0.8332091482027781
      ],
      "r2": [
        0.8569890089414602,
        0.8585535441647758,
        0.8559055469748453,
        0.8581511485487274,
        0.8564746191871698
      ]
    },
    "ANN": {
      "rmse": [
        1.1682000589505834,
        1.203179342048892,
        1.0205845931828517,
        1.1064048074616954,
        1.1627054452531433
      ],
      "r2": [
        0.7178662143544757,
        0.7007174593445663,
        0.7846629969862201,
        0.7469252847198719,
        0.7205139979092625
      ]
    }
  },
  "esol": {
    "DecisionTree": {
      "rmse": [
        0.7629590331284499,
        0.767503728302321,
        0.7680649721051439,
        0.7590510198745627,
        0.8150955336773186
      ],
      "r2": [
        0.8672762740010985,
        0.86569038183841,
        0.8654938798557491,
        0.8686324613091849,
        0.8485172594309383
      ]
    },
    "RandomForest": {
      "rmse": [
        0.5434559154153801,
        0.5421131293804866,
        0.5431923162982616,
        0.5434201571557447,
        0.5422696267980074
      ],
      "r2": [
        0.9326597433239228,
        0.9329921045814471,
        0.9327250532294755,
        0.9326686047277428,
        0.9329534112694778
      ]
    },
    "LightGBM": {
      "rmse": [
        0.4751612798738056,
        0.48079027725902457,
        0.48032963420533936,
        0.45930784016727366,
        0.4910813678163961
      ],
      "r2": [
        0.9485212238275287,
        0.9472943128319179,
        0.9473952586258128,
        0.9518990289231312,
        0.9450138844469989
      ]
    },
    "XGBoost": {
      "rmse": [
        0.500417177604905,
        0.49512119233032376,
        0.5033227872575061,
        0.49413232054582357,
        0.5092658475821373
      ],
      "r2": [
        0.9429033608956425,
        0.9441054894104828,
        0.9422383869757748,
        0.9443285350376315,
        0.940866275761194
      ]
    },
    "ANN": {
      "rmse": [
        0.9208474555736464,
        0.7102210053610556,
        0.8906898989783896,
        0.74462303915605,
        0.8441111325583283
      ],
      "r2": [
        0.8066600902139779,
        0.8849906491128113,
        0.8191164049199926,
        0.8735790452986372,
        0.8375403988167198
      ]
    }
  },
  "sc2": {
    "DecisionTree": {
      "rmse": [
        1.1361658902187202,
        1.1361658902187202,
        1.1575221619111316,
        1.1361658902187202,
        1.1215430480738025
      ],
      "r2": [
        0.1944392376085855,
        0.1944392376085855,
        0.16387070439605345,
        0.1944392376085855,
        0.21504148295415393
      ]
    },
    "RandomForest": {
      "rmse": [
        0.8783752539121096,
        0.8785534901268697,
        0.8792636106237574,
        0.8773973618099723,
        0.8786396608748189
      ],
      "r2": [
        0.5185236109324378,
        0.5183281927772332,
        0.5175492231148466,
        0.5195950661410211,
        0.5182337009657074
      ]
    },
    "LightGBM": {
      "rmse": [
        0.9337113430475842,
        0.9484807761597797,
        0.9330133999180646,
        0.912887920399098,
        0.9406581955475091
      ],
      "r2": [
        0.4559484145888377,
        0.4386006872473788,
        0.4567614606141539,
        0.47994445488674964,
        0.44782276469677296
      ]
    },
    "XGBoost": {
      "rmse": [
        0.886338696484573,
        0.9276042202330343,
        0.9119117883000292,
        0.9008047965946023,
        0.8804030664241908
      ],
      "r2": [
        0.5097538050183614,
        0.463042092624946,
        0.4810560294700781,
        0.49362041246546784,
        0.516297977109502
      ]
    },
    "ANN": {
      "rmse": [
        0.9939866619066603,
        1.0082386136950399,
        1.1411811448304314,
        1.0014760648335137,
        1.0568465916785987
      ],
      "r2": [
        0.3834391792843337,
        0.36563171447980514,
        0.18731174111273163,
        0.37411295991326654,
        0.3029904751549183
      ]
    }
  }
}