Experiment,R2,RMSE,N_Features,Delta_R2,Delta_RMSE
FULL MODEL (400 features),0.8617814522244378,0.8176601618798071,176,0.0,0.0
REMOVE: COMPOSITIONAL,0.8615063292507009,0.818473530513342,67,-0.00027512297373688543,0.0008133686335349832
REMOVE: TOPOLOGICAL,0.8588001293074615,0.8264314294945462,157,-0.002981322916976281,0.00877126761473912
REMOVE: ENERGETIC,0.8597883826480508,0.8235342678489166,170,-0.0019930695763870077,0.005874105969109533
REMOVE: PHYSICOCHEMICAL,0.8367972056033531,0.8884918961349976,134,-0.02498424662108467,0.07083173425519051
ONLY: COMPOSITIONAL,0.8279087360679799,0.9123659900322827,109,-0.03387271615645793,0.09470582815247564
ONLY: TOPOLOGICAL,0.7468364730800907,1.106598926036254,19,-0.11494497914434709,0.28893876415644704
ONLY: ENERGETIC,0.7921353161978686,1.0027208146688344,6,-0.06964613602656922,0.1850606527890274
ONLY: PHYSICOCHEMICAL,0.8571081489278662,0.8313681965663559,42,-0.004673303296571563,0.013708034686548798
