Experiment,R2,RMSE,N_Features,Delta_R2,Delta_RMSE
FULL MODEL (400 features),0.8638496874343249,0.8115195693434609,176,0.0,0.0
REMOVE: COMPOSITIONAL,0.8606530278052015,0.8209910902460467,67,-0.0031966596291234106,0.00947152090258574
REMOVE: TOPOLOGICAL,0.8599789450236326,0.8229744426062957,157,-0.003870742410692296,0.011454873262834786
REMOVE: ENERGETIC,0.8626626374089186,0.8150495785863392,170,-0.001187050025406311,0.0035300092428782737
REMOVE: PHYSICOCHEMICAL,0.8344141613013765,0.8949551505066302,134,-0.02943552613294842,0.08343558116316929
ONLY: COMPOSITIONAL,0.8282834205330188,0.911372227681469,109,-0.03556626690130604,0.09985265833800805
ONLY: TOPOLOGICAL,0.7358920418773671,1.130265364726839,19,-0.12795764555695777,0.3187457953833781
ONLY: ENERGETIC,0.7914484384616476,1.004376166956722,6,-0.0724012489726773,0.19285659761326102
ONLY: PHYSICOCHEMICAL,0.8563479814522994,0.8335766527297285,42,-0.007501705982025486,0.02205708338626755
