Experiment,R2,RMSE
FULL MODEL (Original),0.8580065573391941,0.8287505318948925
REMOVE: COMPOSITIONAL,0.859817630722938,0.8234483689460744
REMOVE: TOPOLOGICAL,0.8556496935773972,0.8356001913668067
REMOVE: ENERGETIC,0.8592302947792754,0.8251716073830906
REMOVE: PHYSICOCHEMICAL,0.8474462589822873,0.8590157106670181
ONLY: COMPOSITIONAL,0.8255423283151769,0.9186174938978782
ONLY: TOPOLOGICAL,0.8470875460459399,0.860025057010761
ONLY: ENERGETIC,0.2105536336945789,1.9541189249883042
ONLY: PHYSICOCHEMICAL,0.8524175780712364,0.84490327257883
