{
  "bigsol1.0": {
    "GCN": {
      "rmse": [
        1.6993091037258785,
        1.7882602029444026,
        1.7512536167212964,
        1.7968246697374668,
        1.713121248401133
      ],
      "r2": [
        -0.23071451554480493,
        -0.36293133960279134,
        -0.30710550927519353,
        -0.3760175026198931,
        -0.25080255115681105
      ]
    },
    "GAT": {
      "rmse": [
        1.7927415030164653,
        1.5842463021449258,
        1.4560655822539268,
        1.718384262469262,
        1.5832109088923343
      ],
      "r2": [
        -0.3697707884897026,
        -0.06969005690746877,
        0.09640373427514581,
        -0.25849973370161794,
        -0.06829230967207356
      ]
    },
    "GIN": {
      "rmse": [
        1.6452755006193573,
        1.2311503948476188,
        1.0892716382969432,
        1.27570494140071,
        1.5158731118768485
      ],
      "r2": [
        -0.15369182779920898,
        0.3539966469947773,
        0.4943093234682757,
        0.30639369827275753,
        0.02064926407518397
      ]
    },
    "MPNN": {
      "rmse": [
        1.6914793089820013,
        1.6373944048921347,
        1.722555887851598,
        1.8411819671558305,
        1.6771298485594197
      ],
      "r2": [
        -0.21939927938825154,
        -0.14266561496797747,
        -0.26461752947112016,
        -0.4447941686661565,
        -0.19879778376007895
      ]
    }
  },
  "bigsol2.0": {
    "GCN": {
      "rmse": [
        0.539214824059135,
        0.5366284858906001,
        0.5226585290350076,
        0.5092589568310082,
        0.5285483781847486
      ],
      "r2": [
        0.043540944707508245,
        0.052694231485479914,
        0.10137433018346598,
        0.14686042387093,
        0.08100695261774238
      ]
    },
    "GAT": {
      "rmse": [
        0.619204897776735,
        0.8945672211078359,
        0.6897411941482087,
        0.6534387010807312,
        0.5926636620834149
      ],
      "r2": [
        -0.2612799800804424,
        -1.6325019278116812,
        -0.565002608756866,
        -0.4045992823155018,
        -0.15547176363181636
      ]
    },
    "GIN": {
      "rmse": [
        0.8372064606829241,
        0.6956843279579332,
        1.09544025033745,
        0.8245899097819844,
        0.7831415230823496
      ],
      "r2": [
        -1.3057269664361053,
        -0.5920883938943813,
        -2.947481700654187,
        -1.2367568138343916,
        -1.0175450429357764
      ]
    },
    "MPNN": {
      "rmse": [
        0.639044582859633,
        0.5648885000929051,
        0.5355773773103003,
        0.5143878757322452,
        0.5359803430328238
      ],
      "r2": [
        -0.34339909704633764,
        -0.04970726678549742,
        0.05640162337652632,
        0.12958937489917588,
        0.05498117187044371
      ]
    }
  },
  "leeds": {
    "GCN": {
      "rmse": [
        1.0874951132363926,
        1.10783766121321,
        1.0895961140981048,
        1.1350539738447092,
        1.1501020978608731
      ],
      "r2": [
        -0.21000707263187923,
        -0.25569894875311516,
        -0.21468696795302034,
        -0.3181544728176391,
        -0.35333736271682503
      ]
    },
    "GAT": {
      "rmse": [
        1.270761091763958,
        1.1751913334681736,
        1.1049917815555588,
        1.15395162213063,
        1.2737061753886154
      ],
      "r2": [
        -0.6521942213662042,
        -0.41302693615896513,
        -0.24925580600468744,
        -0.3624120766473815,
        -0.6598612622647919
      ]
    },
    "GIN": {
      "rmse": [
        1.3378703066085635,
        1.1037763712180235,
        1.1685505267436866,
        1.0845904190173048,
        1.3854329846836206
      ],
      "r2": [
        -0.8313076534428212,
        -0.2465091369263579,
        -0.397102506088459,
        -0.20355185893561,
        -0.9638319756466451
      ]
    },
    "MPNN": {
      "rmse": [
        1.0281392686878137,
        1.0427032388089639,
        1.072007141651168,
        1.1485422978844129,
        1.056887102281181
      ],
      "r2": [
        -0.08152652304169528,
        -0.11238397993368743,
        -0.17578695597644867,
        -0.34966898555954096,
        -0.14285327377616386
      ]
    }
  }
}