{
  "bigsol1.0": {
    "DecisionTree": {
      "rmse": [
        0.9976241138883947,
        0.9625681218587097,
        0.929309511614843,
        0.9539429962480407,
        0.8889505173487167
      ],
      "r2": [
        0.25939633208543633,
        0.31053070196586097,
        0.3573526116581768,
        0.3228313715861495,
        0.4119596105837533
      ]
    },
    "RandomForest": {
      "rmse": [
        0.7232682172624888,
        0.7268679337067439,
        0.730628552330804,
        0.7245276146228407,
        0.7327669574521176
      ],
      "r2": [
        0.610730170468452,
        0.6068457247778993,
        0.6027670526852276,
        0.6093733509478583,
        0.6004384055366783
      ]
    },
    "LightGBM": {
      "rmse": [
        0.7061328052273464,
        0.720820014310202,
        0.7120505318040902,
        0.7019204443619235,
        0.7137210400168567
      ],
      "r2": [
        0.6289565589529533,
        0.6133610025461007,
        0.6227114609810651,
        0.6333701961493166,
        0.6209391066587089
      ]
    },
    "XGBoost": {
      "rmse": [
        0.7301485229002541,
        0.7292305296795059,
        0.7274462050954608,
        0.7366605365556635,
        0.7208721913121094
      ],
      "r2": [
        0.6032888523452902,
        0.6042857706372611,
        0.6062199156203496,
        0.5961809595542429,
        0.6133050263150064
      ]
    },
    "ANN": {
      "rmse": [
        0.8667339814769635,
        0.8482097110047033,
        0.8410948264897575,
        0.8272521935571661,
        0.8403690704399901
      ],
      "r2": [
        0.4409847824103986,
        0.46462453686267635,
        0.47356845439827855,
        0.490753752708476,
        0.4744765471184319
      ]
    }
  },
  "bigsol2.0": {
    "DecisionTree": {
      "rmse": [
        0.9513451845246452,
        0.9748722142317069,
        1.022019980453546,
        0.9946677769830111,
        1.0461913743775453
      ],
      "r2": [
        0.22283355901488566,
        0.1839191720950374,
        0.1030741039591615,
        0.1504403286529774,
        0.060146721788935875
      ]
    },
    "RandomForest": {
      "rmse": [
        0.7216637580044772,
        0.7266079429739265,
        0.7276824106514316,
        0.7228823943831276,
        0.7298030105190793
      ],
      "r2": [
        0.5527940412787784,
        0.5466453520214674,
        0.5453035690703606,
        0.5512824187675063,
        0.542649570162657
      ]
    },
    "LightGBM": {
      "rmse": [
        0.6526054419454801,
        0.6551236014236345,
        0.6455818548063306,
        0.6471204120796085,
        0.6520544455524346
      ],
      "r2": [
        0.6342880324435616,
        0.631460296900947,
        0.6421175341032597,
        0.6404096831419362,
        0.6349053147892909
      ]
    },
    "XGBoost": {
      "rmse": [
        0.6426560519032251,
        0.6442062992775056,
        0.6411361784741508,
        0.6384154836346169,
        0.6414489599964067
      ],
      "r2": [
        0.6453540588440881,
        0.6436410054875871,
        0.6470295415753989,
        0.650018882506351,
        0.6466850607264092
      ]
    },
    "ANN": {
      "rmse": [
        1.043085922152581,
        1.0722389976272126,
        1.0803691835719276,
        1.10612243265129,
        1.0214300153796727
      ],
      "r2": [
        0.06571804979443485,
        0.01276399101761383,
        -0.0022640805782125906,
        -0.05061643602028543,
        0.10410931312187777
      ]
    }
  },
  "leeds": {
    "DecisionTree": {
      "rmse": [
        1.4050200212298984,
        1.425681673578094,
        1.4170963705093447,
        1.4695625709646318,
        1.411029245004314
      ],
      "r2": [
        -0.6510612029738629,
        -0.6999779198954301,
        -0.6795653948837443,
        -0.8062352389297998,
        -0.6652144723249
      ]
    },
    "RandomForest": {
      "rmse": [
        1.0489349683881384,
        1.04770585059385,
        1.0491760380972113,
        1.0472859490994946,
        1.046304857865955
      ],
      "r2": [
        0.07977235900287982,
        0.08192769850937243,
        0.07934933086811402,
        0.08266344448313945,
        0.08438135027680305
      ]
    },
    "LightGBM": {
      "rmse": [
        0.9093790893293234,
        0.9053815758525265,
        0.9156619128769602,
        0.9006937803892658,
        0.9045950609838498
      ],
      "r2": [
        0.3083473044505196,
        0.314414771696253,
        0.29875714925489616,
        0.32149590333026856,
        0.3156054050727999
      ]
    },
    "XGBoost": {
      "rmse": [
        0.9336660759814982,
        0.9407778022372164,
        0.9410813815386028,
        0.9656494751176867,
        0.9400451049931281
      ],
      "r2": [
        0.27090972522300083,
        0.25976047609014985,
        0.25928266367869157,
        0.2201031537786925,
        0.2609130548452605
      ]
    },
    "ANN": {
      "rmse": [
        6.208146736870448,
        8.328826449762223,
        4.864660011821517,
        8.106658657690703,
        4.026329440472753
      ],
      "r2": [
        -31.234585753018585,
        -57.018403207563445,
        -18.79261298479623,
        -53.96445425989714,
        -12.55865967180697
      ]
    }
  }
}